{"frames": {

"background.png":
{
	"frame": {"x":3,"y":165,"w":10,"h":400},
	"rotated": false,
	"trimmed": false,
	"spriteSourceSize": {"x":0,"y":0,"w":10,"h":400},
	"sourceSize": {"w":10,"h":400}
},
"ball_beach.png":
{
	"frame": {"x":18,"y":165,"w":201,"h":202},
	"rotated": false,
	"trimmed": false,
	"spriteSourceSize": {"x":0,"y":0,"w":201,"h":202},
	"sourceSize": {"w":201,"h":202}
},
"ball_bowling.png":
{
	"frame": {"x":916,"y":431,"w":76,"h":76},
	"rotated": false,
	"trimmed": false,
	"spriteSourceSize": {"x":0,"y":0,"w":76,"h":76},
	"sourceSize": {"w":76,"h":76}
},
"ball_foot.png":
{
	"frame": {"x":916,"y":512,"w":76,"h":76},
	"rotated": false,
	"trimmed": false,
	"spriteSourceSize": {"x":0,"y":0,"w":76,"h":76},
	"sourceSize": {"w":76,"h":76}
},
"ball_tennis.png":
{
	"frame": {"x":685,"y":716,"w":34,"h":34},
	"rotated": false,
	"trimmed": false,
	"spriteSourceSize": {"x":0,"y":0,"w":34,"h":34},
	"sourceSize": {"w":34,"h":34}
},
"change_name_to_l_0001.png":
{
	"frame": {"x":178,"y":389,"w":245,"h":52},
	"rotated": false,
	"trimmed": true,
	"spriteSourceSize": {"x":0,"y":0,"w":245,"h":52},
	"sourceSize": {"w":246,"h":52}
},
"change_name_to_l_0002.png":
{
	"frame": {"x":312,"y":105,"w":246,"h":52},
	"rotated": false,
	"trimmed": false,
	"spriteSourceSize": {"x":0,"y":0,"w":246,"h":52},
	"sourceSize": {"w":246,"h":52}
},
"change_name_to_l_0003.png":
{
	"frame": {"x":312,"y":162,"w":246,"h":52},
	"rotated": false,
	"trimmed": false,
	"spriteSourceSize": {"x":0,"y":0,"w":246,"h":52},
	"sourceSize": {"w":246,"h":52}
},
"change_name_to_l_0004.png":
{
	"frame": {"x":178,"y":503,"w":241,"h":52},
	"rotated": false,
	"trimmed": true,
	"spriteSourceSize": {"x":1,"y":0,"w":241,"h":52},
	"sourceSize": {"w":243,"h":52}
},
"change_name_to_l_0005.png":
{
	"frame": {"x":209,"y":560,"w":241,"h":52},
	"rotated": false,
	"trimmed": true,
	"spriteSourceSize": {"x":1,"y":0,"w":241,"h":52},
	"sourceSize": {"w":243,"h":52}
},
"change_name_to_l_0006.png":
{
	"frame": {"x":209,"y":617,"w":241,"h":52},
	"rotated": false,
	"trimmed": true,
	"spriteSourceSize": {"x":1,"y":0,"w":241,"h":52},
	"sourceSize": {"w":243,"h":52}
},
"change_name_to_l_0007.png":
{
	"frame": {"x":209,"y":674,"w":241,"h":52},
	"rotated": false,
	"trimmed": true,
	"spriteSourceSize": {"x":1,"y":0,"w":241,"h":52},
	"sourceSize": {"w":243,"h":52}
},
"change_name_to_l_0008.png":
{
	"frame": {"x":209,"y":731,"w":241,"h":52},
	"rotated": false,
	"trimmed": true,
	"spriteSourceSize": {"x":1,"y":0,"w":241,"h":52},
	"sourceSize": {"w":243,"h":52}
},
"change_name_to_r_0001.png":
{
	"frame": {"x":654,"y":59,"w":241,"h":52},
	"rotated": false,
	"trimmed": true,
	"spriteSourceSize": {"x":1,"y":0,"w":241,"h":52},
	"sourceSize": {"w":243,"h":52}
},
"change_name_to_r_0002.png":
{
	"frame": {"x":654,"y":116,"w":241,"h":52},
	"rotated": false,
	"trimmed": true,
	"spriteSourceSize": {"x":1,"y":0,"w":241,"h":52},
	"sourceSize": {"w":243,"h":52}
},
"change_name_to_r_0003.png":
{
	"frame": {"x":224,"y":275,"w":246,"h":52},
	"rotated": false,
	"trimmed": false,
	"spriteSourceSize": {"x":0,"y":0,"w":246,"h":52},
	"sourceSize": {"w":246,"h":52}
},
"change_name_to_r_0004.png":
{
	"frame": {"x":563,"y":173,"w":241,"h":52},
	"rotated": false,
	"trimmed": true,
	"spriteSourceSize": {"x":1,"y":0,"w":241,"h":52},
	"sourceSize": {"w":243,"h":52}
},
"change_name_to_r_0005.png":
{
	"frame": {"x":178,"y":446,"w":242,"h":52},
	"rotated": false,
	"trimmed": true,
	"spriteSourceSize": {"x":1,"y":0,"w":242,"h":52},
	"sourceSize": {"w":243,"h":52}
},
"change_name_to_r_0006.png":
{
	"frame": {"x":477,"y":230,"w":241,"h":52},
	"rotated": false,
	"trimmed": true,
	"spriteSourceSize": {"x":1,"y":0,"w":241,"h":52},
	"sourceSize": {"w":243,"h":52}
},
"change_name_to_r_0007.png":
{
	"frame": {"x":312,"y":48,"w":247,"h":52},
	"rotated": false,
	"trimmed": false,
	"spriteSourceSize": {"x":0,"y":0,"w":247,"h":52},
	"sourceSize": {"w":247,"h":52}
},
"change_name_to_r_0008.png":
{
	"frame": {"x":224,"y":332,"w":246,"h":52},
	"rotated": false,
	"trimmed": false,
	"spriteSourceSize": {"x":0,"y":0,"w":246,"h":52},
	"sourceSize": {"w":246,"h":52}
},
"change_name_to_r_0009.png":
{
	"frame": {"x":178,"y":389,"w":245,"h":52},
	"rotated": false,
	"trimmed": true,
	"spriteSourceSize": {"x":0,"y":0,"w":245,"h":52},
	"sourceSize": {"w":246,"h":52}
},
"change_name_to_r_0010.png":
{
	"frame": {"x":209,"y":731,"w":241,"h":52},
	"rotated": false,
	"trimmed": true,
	"spriteSourceSize": {"x":1,"y":0,"w":241,"h":52},
	"sourceSize": {"w":243,"h":52}
},
"computer_btn_off.png":
{
	"frame": {"x":717,"y":3,"w":248,"h":51},
	"rotated": false,
	"trimmed": false,
	"spriteSourceSize": {"x":0,"y":0,"w":248,"h":51},
	"sourceSize": {"w":248,"h":51}
},
"computer_btn_on.png":
{
	"frame": {"x":224,"y":219,"w":248,"h":51},
	"rotated": false,
	"trimmed": false,
	"spriteSourceSize": {"x":0,"y":0,"w":248,"h":51},
	"sourceSize": {"w":248,"h":51}
},
"face_goal.png":
{
	"frame": {"x":111,"y":532,"w":30,"h":79},
	"rotated": false,
	"trimmed": false,
	"spriteSourceSize": {"x":0,"y":0,"w":30,"h":79},
	"sourceSize": {"w":30,"h":79}
},
"face_idle.png":
{
	"frame": {"x":428,"y":389,"w":33,"h":58},
	"rotated": false,
	"trimmed": false,
	"spriteSourceSize": {"x":0,"y":0,"w":33,"h":58},
	"sourceSize": {"w":33,"h":58}
},
"face_out.png":
{
	"frame": {"x":224,"y":165,"w":64,"h":32},
	"rotated": false,
	"trimmed": false,
	"spriteSourceSize": {"x":0,"y":0,"w":64,"h":32},
	"sourceSize": {"w":64,"h":32}
},
"face_wacked.png":
{
	"frame": {"x":33,"y":532,"w":73,"h":103},
	"rotated": false,
	"trimmed": false,
	"spriteSourceSize": {"x":0,"y":0,"w":73,"h":103},
	"sourceSize": {"w":73,"h":103}
},
"flagstaff_bg.png":
{
	"frame": {"x":3,"y":3,"w":304,"h":157},
	"rotated": false,
	"trimmed": false,
	"spriteSourceSize": {"x":0,"y":0,"w":304,"h":157},
	"sourceSize": {"w":304,"h":157}
},
"football_field.png":
{
	"frame": {"x":3,"y":570,"w":10,"h":200},
	"rotated": false,
	"trimmed": false,
	"spriteSourceSize": {"x":0,"y":0,"w":10,"h":200},
	"sourceSize": {"w":10,"h":200}
},
"joystick.png":
{
	"frame": {"x":18,"y":372,"w":155,"h":155},
	"rotated": false,
	"trimmed": false,
	"spriteSourceSize": {"x":0,"y":0,"w":155,"h":155},
	"sourceSize": {"w":155,"h":155}
},
"kit_australia.png":
{
	"frame": {"x":634,"y":141,"w":15,"h":15},
	"rotated": false,
	"trimmed": false,
	"spriteSourceSize": {"x":0,"y":0,"w":15,"h":15},
	"sourceSize": {"w":15,"h":15}
},
"kit_beatles.png":
{
	"frame": {"x":970,"y":3,"w":17,"h":17},
	"rotated": false,
	"trimmed": false,
	"spriteSourceSize": {"x":0,"y":0,"w":17,"h":17},
	"sourceSize": {"w":17,"h":17}
},
"kit_brazil.png":
{
	"frame": {"x":745,"y":339,"w":15,"h":15},
	"rotated": false,
	"trimmed": false,
	"spriteSourceSize": {"x":0,"y":0,"w":15,"h":15},
	"sourceSize": {"w":15,"h":15}
},
"kit_england.png":
{
	"frame": {"x":788,"y":315,"w":15,"h":15},
	"rotated": false,
	"trimmed": false,
	"spriteSourceSize": {"x":0,"y":0,"w":15,"h":15},
	"sourceSize": {"w":15,"h":15}
},
"kit_france.png":
{
	"frame": {"x":788,"y":335,"w":15,"h":15},
	"rotated": false,
	"trimmed": false,
	"spriteSourceSize": {"x":0,"y":0,"w":15,"h":15},
	"sourceSize": {"w":15,"h":15}
},
"kit_germany.png":
{
	"frame": {"x":765,"y":339,"w":15,"h":15},
	"rotated": false,
	"trimmed": false,
	"spriteSourceSize": {"x":0,"y":0,"w":15,"h":15},
	"sourceSize": {"w":15,"h":15}
},
"kit_holland.png":
{
	"frame": {"x":146,"y":532,"w":15,"h":15},
	"rotated": false,
	"trimmed": false,
	"spriteSourceSize": {"x":0,"y":0,"w":15,"h":15},
	"sourceSize": {"w":15,"h":15}
},
"kit_italy.png":
{
	"frame": {"x":970,"y":25,"w":15,"h":15},
	"rotated": false,
	"trimmed": false,
	"spriteSourceSize": {"x":0,"y":0,"w":15,"h":15},
	"sourceSize": {"w":15,"h":15}
},
"kit_portugal.png":
{
	"frame": {"x":425,"y":452,"w":15,"h":15},
	"rotated": false,
	"trimmed": false,
	"spriteSourceSize": {"x":0,"y":0,"w":15,"h":15},
	"sourceSize": {"w":15,"h":15}
},
"kit_stones.png":
{
	"frame": {"x":766,"y":315,"w":17,"h":17},
	"rotated": false,
	"trimmed": false,
	"spriteSourceSize": {"x":0,"y":0,"w":17,"h":17},
	"sourceSize": {"w":17,"h":17}
},
"lag_left0001.png":
{
	"frame": {"x":835,"y":416,"w":44,"h":21},
	"rotated": false,
	"trimmed": false,
	"spriteSourceSize": {"x":0,"y":0,"w":44,"h":21},
	"sourceSize": {"w":44,"h":21}
},
"lag_left0002.png":
{
	"frame": {"x":178,"y":372,"w":17,"h":11},
	"rotated": false,
	"trimmed": true,
	"spriteSourceSize": {"x":23,"y":2,"w":17,"h":11},
	"sourceSize": {"w":44,"h":21}
},
"lag_left0003.png":
{
	"frame": {"x":445,"y":452,"w":16,"h":10},
	"rotated": false,
	"trimmed": true,
	"spriteSourceSize": {"x":25,"y":5,"w":16,"h":10},
	"sourceSize": {"w":44,"h":21}
},
"lag_left0004.png":
{
	"frame": {"x":871,"y":731,"w":17,"h":10},
	"rotated": false,
	"trimmed": true,
	"spriteSourceSize": {"x":26,"y":8,"w":17,"h":10},
	"sourceSize": {"w":44,"h":21}
},
"lag_left0005.png":
{
	"frame": {"x":445,"y":467,"w":16,"h":10},
	"rotated": false,
	"trimmed": true,
	"spriteSourceSize": {"x":28,"y":11,"w":16,"h":10},
	"sourceSize": {"w":44,"h":21}
},
"lag_left0006.png":
{
	"frame": {"x":425,"y":487,"w":16,"h":10},
	"rotated": false,
	"trimmed": true,
	"spriteSourceSize": {"x":24,"y":11,"w":16,"h":10},
	"sourceSize": {"w":44,"h":21}
},
"lag_left0007.png":
{
	"frame": {"x":200,"y":372,"w":17,"h":10},
	"rotated": false,
	"trimmed": true,
	"spriteSourceSize": {"x":19,"y":11,"w":17,"h":10},
	"sourceSize": {"w":44,"h":21}
},
"lag_left0008.png":
{
	"frame": {"x":246,"y":202,"w":17,"h":10},
	"rotated": false,
	"trimmed": true,
	"spriteSourceSize": {"x":14,"y":11,"w":17,"h":10},
	"sourceSize": {"w":44,"h":21}
},
"lag_left0009.png":
{
	"frame": {"x":268,"y":202,"w":17,"h":10},
	"rotated": false,
	"trimmed": true,
	"spriteSourceSize": {"x":10,"y":11,"w":17,"h":10},
	"sourceSize": {"w":44,"h":21}
},
"lag_left0010.png":
{
	"frame": {"x":290,"y":202,"w":17,"h":10},
	"rotated": false,
	"trimmed": true,
	"spriteSourceSize": {"x":7,"y":11,"w":17,"h":10},
	"sourceSize": {"w":44,"h":21}
},
"lag_left0011.png":
{
	"frame": {"x":425,"y":487,"w":16,"h":10},
	"rotated": false,
	"trimmed": true,
	"spriteSourceSize": {"x":4,"y":11,"w":16,"h":10},
	"sourceSize": {"w":44,"h":21}
},
"lag_left0012.png":
{
	"frame": {"x":268,"y":202,"w":17,"h":10},
	"rotated": false,
	"trimmed": true,
	"spriteSourceSize": {"x":0,"y":11,"w":17,"h":10},
	"sourceSize": {"w":44,"h":21}
},
"lag_left0013.png":
{
	"frame": {"x":172,"y":632,"w":17,"h":10},
	"rotated": false,
	"trimmed": true,
	"spriteSourceSize": {"x":2,"y":8,"w":17,"h":10},
	"sourceSize": {"w":44,"h":21}
},
"lag_left0014.png":
{
	"frame": {"x":871,"y":731,"w":17,"h":10},
	"rotated": false,
	"trimmed": true,
	"spriteSourceSize": {"x":3,"y":5,"w":17,"h":10},
	"sourceSize": {"w":44,"h":21}
},
"lag_left0015.png":
{
	"frame": {"x":178,"y":372,"w":17,"h":11},
	"rotated": false,
	"trimmed": true,
	"spriteSourceSize": {"x":5,"y":2,"w":17,"h":11},
	"sourceSize": {"w":44,"h":21}
},
"lag_left0016.png":
{
	"frame": {"x":224,"y":202,"w":17,"h":11},
	"rotated": false,
	"trimmed": true,
	"spriteSourceSize": {"x":9,"y":1,"w":17,"h":11},
	"sourceSize": {"w":44,"h":21}
},
"lag_left0017.png":
{
	"frame": {"x":172,"y":632,"w":17,"h":10},
	"rotated": false,
	"trimmed": true,
	"spriteSourceSize": {"x":14,"y":0,"w":17,"h":10},
	"sourceSize": {"w":44,"h":21}
},
"lag_left0018.png":
{
	"frame": {"x":172,"y":632,"w":17,"h":10},
	"rotated": false,
	"trimmed": true,
	"spriteSourceSize": {"x":14,"y":0,"w":17,"h":10},
	"sourceSize": {"w":44,"h":21}
},
"lag_right0001.png":
{
	"frame": {"x":724,"y":731,"w":44,"h":19},
	"rotated": false,
	"trimmed": false,
	"spriteSourceSize": {"x":0,"y":0,"w":44,"h":19},
	"sourceSize": {"w":44,"h":19}
},
"lag_right0002.png":
{
	"frame": {"x":773,"y":731,"w":44,"h":19},
	"rotated": false,
	"trimmed": false,
	"spriteSourceSize": {"x":0,"y":0,"w":44,"h":19},
	"sourceSize": {"w":44,"h":19}
},
"lag_right0003.png":
{
	"frame": {"x":822,"y":731,"w":44,"h":19},
	"rotated": false,
	"trimmed": false,
	"spriteSourceSize": {"x":0,"y":0,"w":44,"h":19},
	"sourceSize": {"w":44,"h":19}
},
"lag_right0004.png":
{
	"frame": {"x":111,"y":616,"w":44,"h":19},
	"rotated": false,
	"trimmed": false,
	"spriteSourceSize": {"x":0,"y":0,"w":44,"h":19},
	"sourceSize": {"w":44,"h":19}
},
"lag_right0005.png":
{
	"frame": {"x":717,"y":315,"w":44,"h":19},
	"rotated": false,
	"trimmed": false,
	"spriteSourceSize": {"x":0,"y":0,"w":44,"h":19},
	"sourceSize": {"w":44,"h":19}
},
"lag_right0006.png":
{
	"frame": {"x":685,"y":755,"w":44,"h":19},
	"rotated": false,
	"trimmed": false,
	"spriteSourceSize": {"x":0,"y":0,"w":44,"h":19},
	"sourceSize": {"w":44,"h":19}
},
"lag_right0007.png":
{
	"frame": {"x":734,"y":755,"w":44,"h":19},
	"rotated": false,
	"trimmed": false,
	"spriteSourceSize": {"x":0,"y":0,"w":44,"h":19},
	"sourceSize": {"w":44,"h":19}
},
"lag_right0008.png":
{
	"frame": {"x":783,"y":755,"w":44,"h":19},
	"rotated": false,
	"trimmed": false,
	"spriteSourceSize": {"x":0,"y":0,"w":44,"h":19},
	"sourceSize": {"w":44,"h":19}
},
"lag_right0009.png":
{
	"frame": {"x":832,"y":755,"w":44,"h":19},
	"rotated": false,
	"trimmed": false,
	"spriteSourceSize": {"x":0,"y":0,"w":44,"h":19},
	"sourceSize": {"w":44,"h":19}
},
"lag_right0010.png":
{
	"frame": {"x":123,"y":640,"w":44,"h":19},
	"rotated": false,
	"trimmed": false,
	"spriteSourceSize": {"x":0,"y":0,"w":44,"h":19},
	"sourceSize": {"w":44,"h":19}
},
"lag_right0011.png":
{
	"frame": {"x":123,"y":664,"w":44,"h":19},
	"rotated": false,
	"trimmed": false,
	"spriteSourceSize": {"x":0,"y":0,"w":44,"h":19},
	"sourceSize": {"w":44,"h":19}
},
"lag_right0012.png":
{
	"frame": {"x":123,"y":688,"w":44,"h":19},
	"rotated": false,
	"trimmed": false,
	"spriteSourceSize": {"x":0,"y":0,"w":44,"h":19},
	"sourceSize": {"w":44,"h":19}
},
"lag_right0013.png":
{
	"frame": {"x":123,"y":712,"w":44,"h":19},
	"rotated": false,
	"trimmed": false,
	"spriteSourceSize": {"x":0,"y":0,"w":44,"h":19},
	"sourceSize": {"w":44,"h":19}
},
"lag_right0014.png":
{
	"frame": {"x":160,"y":560,"w":44,"h":19},
	"rotated": false,
	"trimmed": false,
	"spriteSourceSize": {"x":0,"y":0,"w":44,"h":19},
	"sourceSize": {"w":44,"h":19}
},
"lag_right0015.png":
{
	"frame": {"x":160,"y":584,"w":44,"h":19},
	"rotated": false,
	"trimmed": false,
	"spriteSourceSize": {"x":0,"y":0,"w":44,"h":19},
	"sourceSize": {"w":44,"h":19}
},
"lag_right0016.png":
{
	"frame": {"x":160,"y":608,"w":44,"h":19},
	"rotated": false,
	"trimmed": false,
	"spriteSourceSize": {"x":0,"y":0,"w":44,"h":19},
	"sourceSize": {"w":44,"h":19}
},
"lag_right0017.png":
{
	"frame": {"x":881,"y":749,"w":44,"h":19},
	"rotated": false,
	"trimmed": false,
	"spriteSourceSize": {"x":0,"y":0,"w":44,"h":19},
	"sourceSize": {"w":44,"h":19}
},
"lag_right0018.png":
{
	"frame": {"x":930,"y":749,"w":44,"h":19},
	"rotated": false,
	"trimmed": false,
	"spriteSourceSize": {"x":0,"y":0,"w":44,"h":19},
	"sourceSize": {"w":44,"h":19}
},
"left_arrow_btn_normal.png":
{
	"frame": {"x":665,"y":287,"w":47,"h":52},
	"rotated": false,
	"trimmed": false,
	"spriteSourceSize": {"x":0,"y":0,"w":47,"h":52},
	"sourceSize": {"w":47,"h":52}
},
"left_arrow_btn_pressed.png":
{
	"frame": {"x":835,"y":359,"w":47,"h":52},
	"rotated": false,
	"trimmed": false,
	"spriteSourceSize": {"x":0,"y":0,"w":47,"h":52},
	"sourceSize": {"w":47,"h":52}
},
"left_arrow_btn_selected.png":
{
	"frame": {"x":633,"y":716,"w":47,"h":52},
	"rotated": false,
	"trimmed": false,
	"spriteSourceSize": {"x":0,"y":0,"w":47,"h":52},
	"sourceSize": {"w":47,"h":52}
},
"mute_btn_off.png":
{
	"frame": {"x":18,"y":737,"w":186,"h":50},
	"rotated": false,
	"trimmed": true,
	"spriteSourceSize": {"x":0,"y":0,"w":186,"h":50},
	"sourceSize": {"w":192,"h":50}
},
"mute_btn_on.png":
{
	"frame": {"x":475,"y":287,"w":185,"h":50},
	"rotated": false,
	"trimmed": false,
	"spriteSourceSize": {"x":0,"y":0,"w":185,"h":50},
	"sourceSize": {"w":185,"h":50}
},
"player_hair_0001.png":
{
	"frame": {"x":33,"y":640,"w":85,"h":88},
	"rotated": false,
	"trimmed": false,
	"spriteSourceSize": {"x":0,"y":0,"w":85,"h":88},
	"sourceSize": {"w":85,"h":88}
},
"player_hair_0002.png":
{
	"frame": {"x":564,"y":48,"w":85,"h":88},
	"rotated": false,
	"trimmed": false,
	"spriteSourceSize": {"x":0,"y":0,"w":85,"h":88},
	"sourceSize": {"w":85,"h":88}
},
"player_hair_0003.png":
{
	"frame": {"x":900,"y":59,"w":85,"h":88},
	"rotated": false,
	"trimmed": false,
	"spriteSourceSize": {"x":0,"y":0,"w":85,"h":88},
	"sourceSize": {"w":85,"h":88}
},
"player_hair_0004.png":
{
	"frame": {"x":809,"y":173,"w":85,"h":88},
	"rotated": false,
	"trimmed": false,
	"spriteSourceSize": {"x":0,"y":0,"w":85,"h":88},
	"sourceSize": {"w":85,"h":88}
},
"player_hair_0005.png":
{
	"frame": {"x":808,"y":266,"w":85,"h":88},
	"rotated": false,
	"trimmed": false,
	"spriteSourceSize": {"x":0,"y":0,"w":85,"h":88},
	"sourceSize": {"w":85,"h":88}
},
"player_hair_0006.png":
{
	"frame": {"x":475,"y":342,"w":85,"h":88},
	"rotated": false,
	"trimmed": false,
	"spriteSourceSize": {"x":0,"y":0,"w":85,"h":88},
	"sourceSize": {"w":85,"h":88}
},
"player_hair_0007.png":
{
	"frame": {"x":565,"y":342,"w":85,"h":88},
	"rotated": false,
	"trimmed": false,
	"spriteSourceSize": {"x":0,"y":0,"w":85,"h":88},
	"sourceSize": {"w":85,"h":88}
},
"player_hair_0008.png":
{
	"frame": {"x":900,"y":152,"w":85,"h":88},
	"rotated": false,
	"trimmed": false,
	"spriteSourceSize": {"x":0,"y":0,"w":85,"h":88},
	"sourceSize": {"w":85,"h":88}
},
"player_hair_0009.png":
{
	"frame": {"x":899,"y":245,"w":85,"h":88},
	"rotated": false,
	"trimmed": false,
	"spriteSourceSize": {"x":0,"y":0,"w":85,"h":88},
	"sourceSize": {"w":85,"h":88}
},
"player_hair_0010.png":
{
	"frame": {"x":898,"y":338,"w":85,"h":88},
	"rotated": false,
	"trimmed": false,
	"spriteSourceSize": {"x":0,"y":0,"w":85,"h":88},
	"sourceSize": {"w":85,"h":88}
},
"player_hair_0011.png":
{
	"frame": {"x":655,"y":344,"w":85,"h":88},
	"rotated": false,
	"trimmed": false,
	"spriteSourceSize": {"x":0,"y":0,"w":85,"h":88},
	"sourceSize": {"w":85,"h":88}
},
"player_hair_0012.png":
{
	"frame": {"x":745,"y":359,"w":85,"h":88},
	"rotated": false,
	"trimmed": false,
	"spriteSourceSize": {"x":0,"y":0,"w":85,"h":88},
	"sourceSize": {"w":85,"h":88}
},
"player_hair_0013.png":
{
	"frame": {"x":466,"y":435,"w":85,"h":88},
	"rotated": false,
	"trimmed": false,
	"spriteSourceSize": {"x":0,"y":0,"w":85,"h":88},
	"sourceSize": {"w":85,"h":88}
},
"player_hair_0014.png":
{
	"frame": {"x":556,"y":435,"w":85,"h":88},
	"rotated": false,
	"trimmed": false,
	"spriteSourceSize": {"x":0,"y":0,"w":85,"h":88},
	"sourceSize": {"w":85,"h":88}
},
"player_hair_0015.png":
{
	"frame": {"x":646,"y":437,"w":85,"h":88},
	"rotated": false,
	"trimmed": false,
	"spriteSourceSize": {"x":0,"y":0,"w":85,"h":88},
	"sourceSize": {"w":85,"h":88}
},
"player_hair_0016.png":
{
	"frame": {"x":736,"y":452,"w":85,"h":88},
	"rotated": false,
	"trimmed": false,
	"spriteSourceSize": {"x":0,"y":0,"w":85,"h":88},
	"sourceSize": {"w":85,"h":88}
},
"player_hair_0017.png":
{
	"frame": {"x":455,"y":528,"w":85,"h":88},
	"rotated": false,
	"trimmed": false,
	"spriteSourceSize": {"x":0,"y":0,"w":85,"h":88},
	"sourceSize": {"w":85,"h":88}
},
"player_hair_0018.png":
{
	"frame": {"x":545,"y":528,"w":85,"h":88},
	"rotated": false,
	"trimmed": false,
	"spriteSourceSize": {"x":0,"y":0,"w":85,"h":88},
	"sourceSize": {"w":85,"h":88}
},
"player_hair_0019.png":
{
	"frame": {"x":455,"y":621,"w":85,"h":88},
	"rotated": false,
	"trimmed": false,
	"spriteSourceSize": {"x":0,"y":0,"w":85,"h":88},
	"sourceSize": {"w":85,"h":88}
},
"player_hair_0020.png":
{
	"frame": {"x":545,"y":621,"w":85,"h":88},
	"rotated": false,
	"trimmed": false,
	"spriteSourceSize": {"x":0,"y":0,"w":85,"h":88},
	"sourceSize": {"w":85,"h":88}
},
"player_hair_0021.png":
{
	"frame": {"x":635,"y":530,"w":85,"h":88},
	"rotated": false,
	"trimmed": false,
	"spriteSourceSize": {"x":0,"y":0,"w":85,"h":88},
	"sourceSize": {"w":85,"h":88}
},
"player_hair_0022.png":
{
	"frame": {"x":635,"y":623,"w":85,"h":88},
	"rotated": false,
	"trimmed": false,
	"spriteSourceSize": {"x":0,"y":0,"w":85,"h":88},
	"sourceSize": {"w":85,"h":88}
},
"player_hair_0023.png":
{
	"frame": {"x":725,"y":545,"w":85,"h":88},
	"rotated": false,
	"trimmed": false,
	"spriteSourceSize": {"x":0,"y":0,"w":85,"h":88},
	"sourceSize": {"w":85,"h":88}
},
"player_hair_0024.png":
{
	"frame": {"x":725,"y":638,"w":85,"h":88},
	"rotated": false,
	"trimmed": false,
	"spriteSourceSize": {"x":0,"y":0,"w":85,"h":88},
	"sourceSize": {"w":85,"h":88}
},
"player_hair_0025.png":
{
	"frame": {"x":815,"y":545,"w":85,"h":88},
	"rotated": false,
	"trimmed": false,
	"spriteSourceSize": {"x":0,"y":0,"w":85,"h":88},
	"sourceSize": {"w":85,"h":88}
},
"player_hair_0026.png":
{
	"frame": {"x":815,"y":638,"w":85,"h":88},
	"rotated": false,
	"trimmed": false,
	"spriteSourceSize": {"x":0,"y":0,"w":85,"h":88},
	"sourceSize": {"w":85,"h":88}
},
"player_hair_0027.png":
{
	"frame": {"x":826,"y":452,"w":85,"h":88},
	"rotated": false,
	"trimmed": false,
	"spriteSourceSize": {"x":0,"y":0,"w":85,"h":88},
	"sourceSize": {"w":85,"h":88}
},
"player_hand_1.png":
{
	"frame": {"x":700,"y":779,"w":8,"h":8},
	"rotated": false,
	"trimmed": false,
	"spriteSourceSize": {"x":0,"y":0,"w":8,"h":8},
	"sourceSize": {"w":8,"h":8}
},
"player_hand_2.png":
{
	"frame": {"x":713,"y":779,"w":8,"h":8},
	"rotated": false,
	"trimmed": false,
	"spriteSourceSize": {"x":0,"y":0,"w":8,"h":8},
	"sourceSize": {"w":8,"h":8}
},
"player_head_0001.png":
{
	"frame": {"x":455,"y":714,"w":84,"h":73},
	"rotated": false,
	"trimmed": true,
	"spriteSourceSize": {"x":0,"y":1,"w":84,"h":73},
	"sourceSize": {"w":84,"h":74}
},
"player_head_0002.png":
{
	"frame": {"x":544,"y":714,"w":84,"h":73},
	"rotated": false,
	"trimmed": true,
	"spriteSourceSize": {"x":0,"y":1,"w":84,"h":73},
	"sourceSize": {"w":84,"h":74}
},
"player_head_0003.png":
{
	"frame": {"x":905,"y":593,"w":84,"h":73},
	"rotated": false,
	"trimmed": true,
	"spriteSourceSize": {"x":0,"y":1,"w":84,"h":73},
	"sourceSize": {"w":84,"h":74}
},
"player_head_0004.png":
{
	"frame": {"x":905,"y":671,"w":84,"h":73},
	"rotated": false,
	"trimmed": true,
	"spriteSourceSize": {"x":0,"y":1,"w":84,"h":73},
	"sourceSize": {"w":84,"h":74}
},
"player_trail.png":
{
	"frame": {"x":654,"y":48,"w":6,"h":6},
	"rotated": false,
	"trimmed": false,
	"spriteSourceSize": {"x":0,"y":0,"w":6,"h":6},
	"sourceSize": {"w":6,"h":6}
},
"puff_1.png":
{
	"frame": {"x":671,"y":779,"w":24,"h":8},
	"rotated": false,
	"trimmed": false,
	"spriteSourceSize": {"x":0,"y":0,"w":24,"h":8},
	"sourceSize": {"w":24,"h":8}
},
"puff_2.png":
{
	"frame": {"x":633,"y":773,"w":33,"h":14},
	"rotated": false,
	"trimmed": false,
	"spriteSourceSize": {"x":0,"y":0,"w":33,"h":14},
	"sourceSize": {"w":33,"h":14}
},
"rocket.png":
{
	"frame": {"x":990,"y":25,"w":2,"h":8},
	"rotated": false,
	"trimmed": false,
	"spriteSourceSize": {"x":0,"y":0,"w":2,"h":8},
	"sourceSize": {"w":2,"h":8}
},
"shadow.png":
{
	"frame": {"x":563,"y":141,"w":66,"h":22},
	"rotated": false,
	"trimmed": false,
	"spriteSourceSize": {"x":0,"y":0,"w":66,"h":22},
	"sourceSize": {"w":66,"h":22}
},
"sky.png":
{
	"frame": {"x":18,"y":532,"w":10,"h":200},
	"rotated": false,
	"trimmed": false,
	"spriteSourceSize": {"x":0,"y":0,"w":10,"h":200},
	"sourceSize": {"w":10,"h":200}
},
"sparkle_1.png":
{
	"frame": {"x":3,"y":775,"w":10,"h":10},
	"rotated": false,
	"trimmed": false,
	"spriteSourceSize": {"x":0,"y":0,"w":10,"h":10},
	"sourceSize": {"w":10,"h":10}
},
"sparkle_2.png":
{
	"frame": {"x":979,"y":749,"w":10,"h":10},
	"rotated": false,
	"trimmed": false,
	"spriteSourceSize": {"x":0,"y":0,"w":10,"h":10},
	"sourceSize": {"w":10,"h":10}
},
"sparkle_3.png":
{
	"frame": {"x":425,"y":472,"w":10,"h":10},
	"rotated": false,
	"trimmed": false,
	"spriteSourceSize": {"x":0,"y":0,"w":10,"h":10},
	"sourceSize": {"w":10,"h":10}
},
"sparkle_4.png":
{
	"frame": {"x":293,"y":165,"w":10,"h":10},
	"rotated": false,
	"trimmed": false,
	"spriteSourceSize": {"x":0,"y":0,"w":10,"h":10},
	"sourceSize": {"w":10,"h":10}
},
"stat_bar.png":
{
	"frame": {"x":312,"y":3,"w":400,"h":40},
	"rotated": false,
	"trimmed": false,
	"spriteSourceSize": {"x":0,"y":0,"w":400,"h":40},
	"sourceSize": {"w":400,"h":40}
},
"stick.png":
{
	"frame": {"x":723,"y":230,"w":80,"h":80},
	"rotated": false,
	"trimmed": false,
	"spriteSourceSize": {"x":0,"y":0,"w":80,"h":80},
	"sourceSize": {"w":80,"h":80}
},
"team_name_field.png":
{
	"frame": {"x":209,"y":731,"w":241,"h":52},
	"rotated": false,
	"trimmed": true,
	"spriteSourceSize": {"x":1,"y":0,"w":241,"h":52},
	"sourceSize": {"w":243,"h":52}
}},
"meta": {
	"app": "http://www.codeandweb.com/texturepacker",
	"version": "1.0",
	"image": "spritesheet_01_1280x720.png",
	"format": "RGBA8888",
	"size": {"w":995,"h":790},
	"scale": "1",
	"smartupdate": "$TexturePacker:SmartUpdate:12b74552552b83e39ac0afe71fbcca48:f4d50462b9840eeb562864ad916d6343:c1558cf7591a9cac6dc0cf814c4e389e$"
}
}
